{"cameraMode":{"drawMode":0,"name":"Shaded","section":"Shading Mode"},"sceneLighting":false,"audioPlay":false,"sceneViewState":{"showFog":true,"showMaterialUpdate":false,"showSkybox":true,"showFlares":true,"showImageEffects":true,"showParticleSystems":true},"in2DMode":false,"pivot":{"x":-3.051300048828125,"y":0.6230000257492065,"z":1.0499999523162842},"rotation":{"x":0.041657086461782458,"y":-0.819584846496582,"z":-0.060077231377363208,"w":-0.5682746171951294},"size":3.8540337085723879,"orthographic":false}