{"cameraMode":{"drawMode":0,"name":"Shaded","section":"Shading Mode"},"sceneLighting":false,"audioPlay":false,"sceneViewState":{"showFog":true,"showMaterialUpdate":false,"showSkybox":true,"showFlares":true,"showImageEffects":true,"showParticleSystems":true},"in2DMode":false,"pivot":{"x":-0.7824733257293701,"y":-0.5639733076095581,"z":0.13823533058166505},"rotation":{"x":-0.04562588036060333,"y":-0.9315105080604553,"z":0.3382585644721985,"w":-0.1256488859653473},"size":0.5715768337249756,"orthographic":false}