{"cameraMode":{"drawMode":0,"name":"Shaded","section":"Shading Mode"},"sceneLighting":false,"audioPlay":false,"sceneViewState":{"showFog":true,"showMaterialUpdate":false,"showSkybox":true,"showFlares":true,"showImageEffects":true,"showParticleSystems":true},"in2DMode":false,"pivot":{"x":1.1920928955078126e-7,"y":-0.3478999435901642,"z":-2.086162567138672e-7},"rotation":{"x":-0.012988686561584473,"y":0.16135641932487489,"z":0.0021245565731078388,"w":0.9868084788322449},"size":5.001307487487793,"orthographic":false}