{"cameraMode":{"drawMode":0,"name":"Shaded","section":"Shading Mode"},"sceneLighting":false,"audioPlay":false,"sceneViewState":{"showFog":true,"showMaterialUpdate":false,"showSkybox":true,"showFlares":true,"showImageEffects":true,"showParticleSystems":true},"in2DMode":false,"pivot":{"x":-0.7824733257293701,"y":-0.5639733076095581,"z":0.13823533058166505},"rotation":{"x":0.18656161427497865,"y":-0.04063422232866287,"z":0.00772222550585866,"w":0.9815722703933716},"size":2.671576738357544,"orthographic":false}