{"cameraMode":{"drawMode":0,"name":"Shaded","section":"Shading Mode"},"sceneLighting":false,"audioPlay":false,"sceneViewState":{"showFog":true,"showMaterialUpdate":false,"showSkybox":true,"showFlares":true,"showImageEffects":true,"showParticleSystems":true},"in2DMode":false,"pivot":{"x":-0.751150906085968,"y":-0.4089963138103485,"z":0.1626986861228943},"rotation":{"x":0.041250161826610568,"y":0.2220553159713745,"z":-0.009403812699019909,"w":0.974115788936615},"size":0.5715768337249756,"orthographic":false}